what,kind,bundleId,bundleVersion,description,time
started,bundle,org.eclipse.jface,3.6.2.M20110210-1200,"org.eclipse.jface",1424498860777
started,bundle,org.eclipse.jsch.core,1.1.200.I20100505-1245,"org.eclipse.jsch.core",1424498860777
started,bundle,org.eclipse.jst.common.project.facet.core,1.4.102.v201008182136,"org.eclipse.jst.common.project.facet.core",1424498860778
started,bundle,org.eclipse.jst.ws.jaxrs.core,1.0.201.v201011231540,"org.eclipse.jst.ws.jaxrs.core",1424498860779
started,bundle,org.eclipse.jst.ws.jaxws.utils,1.0.0.v201004171919,"org.eclipse.jst.ws.jaxws.utils",1424498860780
started,bundle,org.eclipse.ltk.core.refactoring,3.5.101.r362_v20101117-0800,"org.eclipse.ltk.core.refactoring",1424498860780
started,bundle,org.eclipse.ltk.ui.refactoring,3.5.0.v20100526-0800,"org.eclipse.ltk.ui.refactoring",1424498860781
started,bundle,org.eclipse.pde.launching,3.6.0.v20100601,"org.eclipse.pde.launching",1424498860782
started,bundle,org.eclipse.pde.ui,3.6.1.v20110210_r362,"org.eclipse.pde.ui",1424498860784
started,bundle,org.eclipse.search,3.6.0.v20100520-0800,"org.eclipse.search",1424498860785
started,bundle,org.eclipse.team.core,3.5.101.R36x_v20110203-1036,"org.eclipse.team.core",1424498860786
started,bundle,org.eclipse.team.cvs.core,3.3.301.R36x_v20110119-0815,"org.eclipse.team.cvs.core",1424498860787
started,bundle,org.eclipse.team.cvs.ui,3.3.302.R36x_v20110203-1036,"org.eclipse.team.cvs.ui",1424498860789
started,bundle,org.eclipse.team.ui,3.5.102.R36x_v20110203-1036,"org.eclipse.team.ui",1424498860790
started,bundle,org.eclipse.ui,3.6.2.M20110203-1100,"org.eclipse.ui",1424498860792
started,bundle,org.eclipse.ui.console,3.5.0.v20100526,"org.eclipse.ui.console",1424498860792
started,bundle,org.eclipse.ui.editors,3.6.1.r361_v20100825-0800,"org.eclipse.ui.editors",1424498860792
started,bundle,org.eclipse.ui.forms,3.5.2.r36_v20100702,"org.eclipse.ui.forms",1424498860793
started,bundle,org.eclipse.ui.ide,3.6.2.M20101201-0800,"org.eclipse.ui.ide",1424498860795
started,bundle,org.eclipse.ui.net,1.2.100.I20100505-1245,"org.eclipse.ui.net",1424498860796
started,bundle,org.eclipse.ui.views,3.5.1.M20110202-0800,"org.eclipse.ui.views",1424498860797
started,bundle,org.eclipse.ui.views.log,1.0.100.v20110210_r362,"org.eclipse.ui.views.log",1424498860797
started,bundle,org.eclipse.ui.workbench,3.6.2.M20110210-1200,"org.eclipse.ui.workbench",1424498860798
started,bundle,org.eclipse.ui.workbench.texteditor,3.6.1.r361_v20100714-0800,"org.eclipse.ui.workbench.texteditor",1424498860805
started,bundle,org.eclipse.update.configurator,3.3.100.v20100512,"org.eclipse.update.configurator",1424498860805
started,bundle,org.eclipse.update.core,3.2.402.R36x_v20100629,"org.eclipse.update.core",1424498860806
started,bundle,org.eclipse.update.scheduler,3.2.300.v20100512,"org.eclipse.update.scheduler",1424498860810
started,bundle,org.eclipse.wst.common.project.facet.core,1.4.102.v201008170019,"org.eclipse.wst.common.project.facet.core",1424498860811
started,bundle,org.eclipse.mylyn.bugzilla.core,3.6.0.v20110608-1400,"org.eclipse.mylyn.bugzilla.core",1424498860812
started,bundle,org.eclipse.mylyn.bugzilla.ui,3.6.0.v20110608-1400,"org.eclipse.mylyn.bugzilla.ui",1424498860813
started,bundle,org.eclipse.mylyn.commons.identity,0.8.0.v20110608-1400,"org.eclipse.mylyn.commons.identity",1424498860813
started,bundle,org.eclipse.mylyn.commons.net,3.6.0.v20110608-1400,"org.eclipse.mylyn.commons.net",1424498860813
started,bundle,org.eclipse.mylyn.commons.ui,3.6.0.v20110608-1400,"org.eclipse.mylyn.commons.ui",1424498860815
started,bundle,org.eclipse.mylyn.context.core,3.6.0.v20110608-1400,"org.eclipse.mylyn.context.core",1424498860815
started,bundle,org.eclipse.mylyn.context.ui,3.6.0.v20110608-1400,"org.eclipse.mylyn.context.ui",1424498860816
started,bundle,org.eclipse.mylyn.monitor.ui,3.6.0.v20110608-1400,"org.eclipse.mylyn.monitor.ui",1424498860817
started,bundle,org.eclipse.mylyn.tasks.ui,3.6.0.v20110608-1400,"org.eclipse.mylyn.tasks.ui",1424498860819
started,bundle,org.eclipse.mylyn.team.ui,3.6.0.v20110608-1400,"org.eclipse.mylyn.team.ui",1424498860821
started,bundle,org.eclipse.wst.web,1.1.403.v201103081400,"org.eclipse.wst.web",1424498860822
started,bundle,org.eclipse.team.svn.core,0.7.9.I20110523-1700,"org.eclipse.team.svn.core",1424498860824
started,bundle,org.eclipse.team.svn.mylyn,0.7.9.I20110318-1700,"org.eclipse.team.svn.mylyn",1424498860825
started,bundle,org.eclipse.team.svn.revision.graph,0.7.9.I20110318-1700,"org.eclipse.team.svn.revision.graph",1424498860826
started,bundle,org.eclipse.team.svn.ui,0.7.9.I20110523-1700,"org.eclipse.team.svn.ui",1424498860829
started,bundle,org.polarion.eclipse.team.svn.connector.javahl15,2.2.2.I20110523-1700,"org.polarion.eclipse.team.svn.connector.javahl15",1424498860829
started,bundle,org.polarion.eclipse.team.svn.connector.javahl16,2.2.2.I20110523-1700,"org.polarion.eclipse.team.svn.connector.javahl16",1424498860829
started,bundle,org.polarion.eclipse.team.svn.connector.svnkit15,2.2.2.I20110523-1700,"org.polarion.eclipse.team.svn.connector.svnkit15",1424498860830
started,bundle,org.polarion.eclipse.team.svn.connector.svnkit16,2.2.2.I20110523-1700,"org.polarion.eclipse.team.svn.connector.svnkit16",1424498860830
started,bundle,org.polarion.eclipse.team.svn.connector.svnkit16l,2.2.2.I20110523-1700,"org.polarion.eclipse.team.svn.connector.svnkit16l",1424498860830
os,sysinfo,,,"macosx",1424498860833
arch,sysinfo,,,"x86_64",1424498860833
ws,sysinfo,,,"cocoa",1424498860833
locale,sysinfo,,,"en_US",1424498860833
processors,sysinfo,,,"8",1424498860833
java.runtime.name,sysinfo,,,"Java(TM) SE Runtime Environment",1424498860833
java.runtime.version,sysinfo,,,"1.6.0_65-b14-466.1-11M4716",1424498860833
java.specification.name,sysinfo,,,"Java Platform API Specification",1424498860833
java.specification.vendor,sysinfo,,,"Sun Microsystems Inc.",1424498860833
java.specification.version,sysinfo,,,"1.6",1424498860833
java.vendor,sysinfo,,,"Apple Inc.",1424498860833
java.version,sysinfo,,,"1.6.0_65",1424498860833
java.vm.info,sysinfo,,,"mixed mode",1424498860833
java.vm.name,sysinfo,,,"Java HotSpot(TM) 64-Bit Server VM",1424498860833
java.vm.specification.name,sysinfo,,,"Java Virtual Machine Specification",1424498860833
java.vm.specification.vendor,sysinfo,,,"Sun Microsystems Inc.",1424498860833
java.vm.specification.version,sysinfo,,,"1.0",1424498860833
java.vm.vendor,sysinfo,,,"Apple Inc.",1424498860833
java.vm.version,sysinfo,,,"20.65-b04-466.1",1424498860833
activated,view,org.eclipse.ui.ide,3.6.2.M20101201-0800,"org.eclipse.ui.views.ProblemView",1424498863221
deactivated,workbench,org.eclipse.ui.workbench,3.6.2.M20110210-1200,"",1424498866443
activated,workbench,org.eclipse.ui.workbench,3.6.2.M20110210-1200,"",1424499086633
activated,editor,org.eclipse.jdt.ui,3.6.2.r362_v20110203,"org.eclipse.jdt.ui.CompilationUnitEditor",1424499086665
started,bundle,org.eclipse.mylyn.ide.ui,3.6.0.v20110608-1400,"org.eclipse.mylyn.ide.ui",1424499097276
started,bundle,org.eclipse.pde.api.tools,1.0.202.v20100820_r361,"org.eclipse.pde.api.tools",1424499097317
started,bundle,org.eclipse.pde.api.tools.ui,1.0.201.v20100820_r361,"org.eclipse.pde.api.tools.ui",1424499097319
started,bundle,org.eclipse.mylyn.java.ui,3.6.0.v20110608-1400,"org.eclipse.mylyn.java.ui",1424499097327
started,bundle,org.eclipse.jst.ws.jaxws.ui,1.0.2.v201103270854,"org.eclipse.jst.ws.jaxws.ui",1424499097340
executed,command,org.eclipse.ui,3.6.2.M20110203-1100,"org.eclipse.ui.file.save",1424499120369
deactivated,workbench,org.eclipse.ui.workbench,3.6.2.M20110210-1200,"",1424499137643
executed,command,org.eclipse.ui,3.6.2.M20110203-1100,"org.eclipse.ui.edit.copy",1424499140129
activated,workbench,org.eclipse.ui.workbench,3.6.2.M20110210-1200,"",1424499178904
executed,command,org.eclipse.ui.ide,3.6.2.M20101201-0800,"org.eclipse.ui.project.buildAutomatically",1424499183290
deactivated,workbench,org.eclipse.ui.workbench,3.6.2.M20110210-1200,"",1424499184624
activated,workbench,org.eclipse.ui.workbench,3.6.2.M20110210-1200,"",1424499186503
deactivated,workbench,org.eclipse.ui.workbench,3.6.2.M20110210-1200,"",1424499189587
activated,workbench,org.eclipse.ui.workbench,3.6.2.M20110210-1200,"",1424499194626
closed,workbench,org.eclipse.ui.workbench,3.6.2.M20110210-1200,"",1424499194846
started,bundle,org.eclipse.compare,3.5.101.R36x_v20100929-0800,"org.eclipse.compare",1424499195171
stopped,bundle,org.eclipse.jst.j2ee.xdoclet.runtime,1.1.300.v201004280700,"org.eclipse.jst.j2ee.xdoclet.runtime",1424499195330
stopped,bundle,org.eclipse.jst.j2ee.ejb.annotations.xdoclet,1.2.100.v201003112036,"org.eclipse.jst.j2ee.ejb.annotations.xdoclet",1424499195332
stopped,bundle,org.eclipse.jst.server.generic.jboss,1.6.1.v200904151730,"org.eclipse.jst.server.generic.jboss",1424499195333
stopped,bundle,org.eclipse.jst.server.generic.jonas,1.5.205.v200805140145,"org.eclipse.jst.server.generic.jonas",1424499195334
stopped,bundle,org.eclipse.jst.server.generic.oc4j,1.5.206.v20090812,"org.eclipse.jst.server.generic.oc4j",1424499195335
stopped,bundle,org.eclipse.jst.server.websphere.core,1.0.302.v20080620,"org.eclipse.jst.server.websphere.core",1424499195336
stopped,bundle,org.eclipse.jst.server.generic.ui,1.0.505.v20100428,"org.eclipse.jst.server.generic.ui",1424499195337
stopped,bundle,org.eclipse.jst.server.generic.core,1.0.606.v20100512,"org.eclipse.jst.server.generic.core",1424499195339
stopped,bundle,org.eclipse.datatools.connectivity.oda.template.ui,3.2.1.v201004090942,"org.eclipse.datatools.connectivity.oda.template.ui",1424499195340
stopped,bundle,org.eclipse.pde.api.tools.ui,1.0.201.v20100820_r361,"org.eclipse.pde.api.tools.ui",1424499195341
stopped,bundle,org.eclipse.pde.ds.ui,1.0.100.v20100601,"org.eclipse.pde.ds.ui",1424499195342
stopped,bundle,org.eclipse.pde.runtime,3.4.200.v20100601,"org.eclipse.pde.runtime",1424499195343
stopped,bundle,org.eclipse.pde.ua.ui,1.0.100.v20100504,"org.eclipse.pde.ua.ui",1424499195344
stopped,bundle,org.eclipse.pde.ui.templates,3.4.200.v20100601,"org.eclipse.pde.ui.templates",1424499195347
stopped,bundle,org.eclipse.pde.ui,3.6.1.v20110210_r362,"org.eclipse.pde.ui",1424499195347
stopped,bundle,org.eclipse.mylyn.ide.ant,3.6.0.v20110608-1400,"org.eclipse.mylyn.ide.ant",1424499195348
stopped,bundle,org.eclipse.ant.ui,3.5.0.v20100427,"org.eclipse.ant.ui",1424499195349
stopped,bundle,org.eclipse.ant.launching,1.0.1.v20101020_r362,"org.eclipse.ant.launching",1424499195352
stopped,bundle,org.eclipse.equinox.p2.ui.sdk,1.0.100.v20100513,"org.eclipse.equinox.p2.ui.sdk",1424499195354
stopped,bundle,org.eclipse.mylyn.java.tasks,3.6.0.v20110608-1400,"org.eclipse.mylyn.java.tasks",1424499195355
stopped,bundle,org.eclipse.mylyn.java.ui,3.6.0.v20110608-1400,"org.eclipse.mylyn.java.ui",1424499195355
activated,perspective,org.eclipse.jdt.ui,,"org.eclipse.jdt.ui.JavaPerspective",1424499218310
started,bundle,org.eclipse.osgi,3.6.2.R36x_v20110210,"org.eclipse.osgi",1424499218311
started,bundle,org.eclipse.equinox.simpleconfigurator,1.0.200.v20100503,"org.eclipse.equinox.simpleconfigurator",1424499218311
started,bundle,com.ibm.icu,4.2.1.v20100412,"com.ibm.icu",1424499218311
started,bundle,org.eclipse.compare.core,3.5.101.R36x_v20100929-0800,"org.eclipse.compare.core",1424499218312
started,bundle,org.eclipse.core.contenttype,3.4.100.v20100505-1235,"org.eclipse.core.contenttype",1424499218312
started,bundle,org.eclipse.core.databinding.observable,1.3.0.I20100601-0800,"org.eclipse.core.databinding.observable",1424499218312
started,bundle,org.eclipse.core.expressions,3.4.200.v20100505,"org.eclipse.core.expressions",1424499218313
started,bundle,org.eclipse.core.filebuffers,3.5.100.v20100520-0800,"org.eclipse.core.filebuffers",1424499218313
started,bundle,org.eclipse.core.filesystem,1.3.1.R36x_v20100727-0745,"org.eclipse.core.filesystem",1424499218314
started,bundle,org.eclipse.core.jobs,3.5.1.R36x_v20100824,"org.eclipse.core.jobs",1424499218314
started,bundle,org.eclipse.core.net,1.2.100.I20100511-0800,"org.eclipse.core.net",1424499218314
started,bundle,org.eclipse.core.resources,3.6.1.R36x_v20110131-1630,"org.eclipse.core.resources",1424499218315
started,bundle,org.eclipse.core.runtime,3.6.0.v20100505,"org.eclipse.core.runtime",1424499218315
started,bundle,org.eclipse.core.runtime.compatibility,3.2.100.v20100505,"org.eclipse.core.runtime.compatibility",1424499218315
started,bundle,org.eclipse.core.runtime.compatibility.auth,3.2.200.v20100517,"org.eclipse.core.runtime.compatibility.auth",1424499218316
started,bundle,org.eclipse.core.variables,3.2.400.v20100505,"org.eclipse.core.variables",1424499218316
started,bundle,org.eclipse.debug.core,3.6.0.v20100519,"org.eclipse.debug.core",1424499218317
started,bundle,org.eclipse.emf.common,2.6.0.v20100914-1218,"org.eclipse.emf.common",1424499218317
started,bundle,org.eclipse.emf.ecore,2.6.1.v20100914-1218,"org.eclipse.emf.ecore",1424499218318
started,bundle,org.eclipse.emf.ecore.xmi,2.5.0.v20100521-1846,"org.eclipse.emf.ecore.xmi",1424499218318
started,bundle,org.eclipse.epp.usagedata.gathering,1.3.1.R201102081640,"org.eclipse.epp.usagedata.gathering",1424499218318
started,bundle,org.eclipse.epp.usagedata.recording,1.3.1.R201102081640,"org.eclipse.epp.usagedata.recording",1424499218319
started,bundle,org.eclipse.equinox.app,1.3.1.R36x_v20100803,"org.eclipse.equinox.app",1424499218319
started,bundle,org.eclipse.equinox.common,3.6.0.v20100503,"org.eclipse.equinox.common",1424499218319
started,bundle,org.eclipse.equinox.ds,1.2.1.R36x_v20100803,"org.eclipse.equinox.ds",1424499218320
started,bundle,org.eclipse.equinox.event,1.2.0.v20100503,"org.eclipse.equinox.event",1424499218320
started,bundle,org.eclipse.equinox.p2.core,2.0.3.R36x_v20110111,"org.eclipse.equinox.p2.core",1424499218320
started,bundle,org.eclipse.equinox.p2.directorywatcher,1.0.203.R36x_v20101220,"org.eclipse.equinox.p2.directorywatcher",1424499218321
started,bundle,org.eclipse.equinox.p2.engine,2.0.1.R36x_v20110201,"org.eclipse.equinox.p2.engine",1424499218321
started,bundle,org.eclipse.equinox.p2.metadata,2.0.1.R36x_v20101202,"org.eclipse.equinox.p2.metadata",1424499218322
started,bundle,org.eclipse.equinox.p2.metadata.repository,1.1.0.v20100513,"org.eclipse.equinox.p2.metadata.repository",1424499218322
started,bundle,org.eclipse.equinox.p2.operations,2.0.0.v20100510,"org.eclipse.equinox.p2.operations",1424499218322
started,bundle,org.eclipse.equinox.p2.reconciler.dropins,1.1.2.R36x_v20110114,"org.eclipse.equinox.p2.reconciler.dropins",1424499218323
started,bundle,org.eclipse.equinox.p2.repository,2.0.2.R36x_v20110111-1500,"org.eclipse.equinox.p2.repository",1424499218323
started,bundle,org.eclipse.equinox.p2.ui.sdk.scheduler,1.0.0.v20100507-1815,"org.eclipse.equinox.p2.ui.sdk.scheduler",1424499218323
started,bundle,org.eclipse.equinox.p2.updatechecker,1.1.101.R36x_v20100823,"org.eclipse.equinox.p2.updatechecker",1424499218324
started,bundle,org.eclipse.equinox.preferences,3.3.0.v20100503,"org.eclipse.equinox.preferences",1424499218324
started,bundle,org.eclipse.equinox.registry,3.5.0.v20100503,"org.eclipse.equinox.registry",1424499218324
started,bundle,org.eclipse.equinox.security,1.0.200.v20100503,"org.eclipse.equinox.security",1424499218325
started,bundle,org.eclipse.equinox.util,1.0.200.v20100503,"org.eclipse.equinox.util",1424499218325
started,bundle,org.eclipse.help,3.5.0.v20100524,"org.eclipse.help",1424499218326
started,bundle,org.eclipse.jdt.apt.core,3.3.402.R36_v20110120-1000,"org.eclipse.jdt.apt.core",1424499218326
started,bundle,org.eclipse.jdt.apt.pluggable.core,1.0.301.R36_v20100727-0110,"org.eclipse.jdt.apt.pluggable.core",1424499218327
started,bundle,org.eclipse.jdt.core,3.6.2.v_A76_R36x,"org.eclipse.jdt.core",1424499218327
started,bundle,org.eclipse.jdt.core.manipulation,1.3.0.v20100520-0800,"org.eclipse.jdt.core.manipulation",1424499218327
started,bundle,org.eclipse.jdt.junit,3.6.1.r361_v20100825-0800,"org.eclipse.jdt.junit",1424499218328
started,bundle,org.eclipse.jdt.launching,3.5.200.v20110105_r362,"org.eclipse.jdt.launching",1424499218328
started,bundle,org.eclipse.jdt.launching.macosx,3.2.100.v20100505,"org.eclipse.jdt.launching.macosx",1424499218329
started,bundle,org.eclipse.jdt.ui,3.6.2.r362_v20110203,"org.eclipse.jdt.ui",1424499218329
started,bundle,org.eclipse.jface,3.6.2.M20110210-1200,"org.eclipse.jface",1424499218329
started,bundle,org.eclipse.jsch.core,1.1.200.I20100505-1245,"org.eclipse.jsch.core",1424499218329
started,bundle,org.eclipse.jst.common.project.facet.core,1.4.102.v201008182136,"org.eclipse.jst.common.project.facet.core",1424499218330
started,bundle,org.eclipse.jst.ws.jaxrs.core,1.0.201.v201011231540,"org.eclipse.jst.ws.jaxrs.core",1424499218330
started,bundle,org.eclipse.jst.ws.jaxws.utils,1.0.0.v201004171919,"org.eclipse.jst.ws.jaxws.utils",1424499218331
started,bundle,org.eclipse.ltk.core.refactoring,3.5.101.r362_v20101117-0800,"org.eclipse.ltk.core.refactoring",1424499218331
started,bundle,org.eclipse.ltk.ui.refactoring,3.5.0.v20100526-0800,"org.eclipse.ltk.ui.refactoring",1424499218331
started,bundle,org.eclipse.pde.launching,3.6.0.v20100601,"org.eclipse.pde.launching",1424499218332
started,bundle,org.eclipse.pde.ui,3.6.1.v20110210_r362,"org.eclipse.pde.ui",1424499218333
started,bundle,org.eclipse.search,3.6.0.v20100520-0800,"org.eclipse.search",1424499218333
started,bundle,org.eclipse.team.core,3.5.101.R36x_v20110203-1036,"org.eclipse.team.core",1424499218334
started,bundle,org.eclipse.team.cvs.core,3.3.301.R36x_v20110119-0815,"org.eclipse.team.cvs.core",1424499218336
started,bundle,org.eclipse.team.cvs.ui,3.3.302.R36x_v20110203-1036,"org.eclipse.team.cvs.ui",1424499218337
started,bundle,org.eclipse.team.ui,3.5.102.R36x_v20110203-1036,"org.eclipse.team.ui",1424499218337
started,bundle,org.eclipse.ui,3.6.2.M20110203-1100,"org.eclipse.ui",1424499218338
started,bundle,org.eclipse.ui.console,3.5.0.v20100526,"org.eclipse.ui.console",1424499218339
started,bundle,org.eclipse.ui.editors,3.6.1.r361_v20100825-0800,"org.eclipse.ui.editors",1424499218339
started,bundle,org.eclipse.ui.forms,3.5.2.r36_v20100702,"org.eclipse.ui.forms",1424499218341
started,bundle,org.eclipse.ui.ide,3.6.2.M20101201-0800,"org.eclipse.ui.ide",1424499218342
started,bundle,org.eclipse.ui.net,1.2.100.I20100505-1245,"org.eclipse.ui.net",1424499218342
started,bundle,org.eclipse.ui.views,3.5.1.M20110202-0800,"org.eclipse.ui.views",1424499218342
started,bundle,org.eclipse.ui.views.log,1.0.100.v20110210_r362,"org.eclipse.ui.views.log",1424499218343
started,bundle,org.eclipse.ui.workbench,3.6.2.M20110210-1200,"org.eclipse.ui.workbench",1424499218343
started,bundle,org.eclipse.ui.workbench.texteditor,3.6.1.r361_v20100714-0800,"org.eclipse.ui.workbench.texteditor",1424499218350
started,bundle,org.eclipse.update.configurator,3.3.100.v20100512,"org.eclipse.update.configurator",1424499218351
started,bundle,org.eclipse.update.core,3.2.402.R36x_v20100629,"org.eclipse.update.core",1424499218351
started,bundle,org.eclipse.update.scheduler,3.2.300.v20100512,"org.eclipse.update.scheduler",1424499218352
started,bundle,org.eclipse.wst.common.project.facet.core,1.4.102.v201008170019,"org.eclipse.wst.common.project.facet.core",1424499218354
started,bundle,org.eclipse.mylyn.bugzilla.core,3.6.0.v20110608-1400,"org.eclipse.mylyn.bugzilla.core",1424499218354
started,bundle,org.eclipse.mylyn.bugzilla.ui,3.6.0.v20110608-1400,"org.eclipse.mylyn.bugzilla.ui",1424499218356
started,bundle,org.eclipse.mylyn.commons.identity,0.8.0.v20110608-1400,"org.eclipse.mylyn.commons.identity",1424499218357
started,bundle,org.eclipse.mylyn.commons.net,3.6.0.v20110608-1400,"org.eclipse.mylyn.commons.net",1424499218357
started,bundle,org.eclipse.mylyn.commons.ui,3.6.0.v20110608-1400,"org.eclipse.mylyn.commons.ui",1424499218357
started,bundle,org.eclipse.mylyn.context.core,3.6.0.v20110608-1400,"org.eclipse.mylyn.context.core",1424499218358
started,bundle,org.eclipse.mylyn.context.ui,3.6.0.v20110608-1400,"org.eclipse.mylyn.context.ui",1424499218358
started,bundle,org.eclipse.mylyn.monitor.ui,3.6.0.v20110608-1400,"org.eclipse.mylyn.monitor.ui",1424499218359
started,bundle,org.eclipse.mylyn.tasks.ui,3.6.0.v20110608-1400,"org.eclipse.mylyn.tasks.ui",1424499218361
started,bundle,org.eclipse.mylyn.team.ui,3.6.0.v20110608-1400,"org.eclipse.mylyn.team.ui",1424499218361
started,bundle,org.eclipse.wst.web,1.1.403.v201103081400,"org.eclipse.wst.web",1424499218363
started,bundle,org.eclipse.team.svn.core,0.7.9.I20110523-1700,"org.eclipse.team.svn.core",1424499218364
started,bundle,org.eclipse.team.svn.mylyn,0.7.9.I20110318-1700,"org.eclipse.team.svn.mylyn",1424499218364
started,bundle,org.eclipse.team.svn.revision.graph,0.7.9.I20110318-1700,"org.eclipse.team.svn.revision.graph",1424499218365
started,bundle,org.eclipse.team.svn.ui,0.7.9.I20110523-1700,"org.eclipse.team.svn.ui",1424499218366
started,bundle,org.polarion.eclipse.team.svn.connector.javahl15,2.2.2.I20110523-1700,"org.polarion.eclipse.team.svn.connector.javahl15",1424499218366
started,bundle,org.polarion.eclipse.team.svn.connector.javahl16,2.2.2.I20110523-1700,"org.polarion.eclipse.team.svn.connector.javahl16",1424499218366
started,bundle,org.polarion.eclipse.team.svn.connector.svnkit15,2.2.2.I20110523-1700,"org.polarion.eclipse.team.svn.connector.svnkit15",1424499218366
started,bundle,org.polarion.eclipse.team.svn.connector.svnkit16,2.2.2.I20110523-1700,"org.polarion.eclipse.team.svn.connector.svnkit16",1424499218367
started,bundle,org.polarion.eclipse.team.svn.connector.svnkit16l,2.2.2.I20110523-1700,"org.polarion.eclipse.team.svn.connector.svnkit16l",1424499218367
os,sysinfo,,,"macosx",1424499218370
arch,sysinfo,,,"x86_64",1424499218370
ws,sysinfo,,,"cocoa",1424499218370
locale,sysinfo,,,"en_US",1424499218370
processors,sysinfo,,,"8",1424499218370
java.runtime.name,sysinfo,,,"Java(TM) SE Runtime Environment",1424499218370
java.runtime.version,sysinfo,,,"1.6.0_65-b14-466.1-11M4716",1424499218370
java.specification.name,sysinfo,,,"Java Platform API Specification",1424499218370
java.specification.vendor,sysinfo,,,"Sun Microsystems Inc.",1424499218370
java.specification.version,sysinfo,,,"1.6",1424499218370
java.vendor,sysinfo,,,"Apple Inc.",1424499218370
java.version,sysinfo,,,"1.6.0_65",1424499218370
java.vm.info,sysinfo,,,"mixed mode",1424499218370
java.vm.name,sysinfo,,,"Java HotSpot(TM) 64-Bit Server VM",1424499218370
java.vm.specification.name,sysinfo,,,"Java Virtual Machine Specification",1424499218370
java.vm.specification.vendor,sysinfo,,,"Sun Microsystems Inc.",1424499218370
java.vm.specification.version,sysinfo,,,"1.0",1424499218370
java.vm.vendor,sysinfo,,,"Apple Inc.",1424499218370
java.vm.version,sysinfo,,,"20.65-b04-466.1",1424499218370
deactivated,workbench,org.eclipse.ui.workbench,3.6.2.M20110210-1200,"",1424499227826
activated,workbench,org.eclipse.ui.workbench,3.6.2.M20110210-1200,"",1424499232527
executed,command,org.eclipse.ui.ide,3.6.2.M20101201-0800,"org.eclipse.ui.project.cleanAction",1424499232617
deactivated,workbench,org.eclipse.ui.workbench,3.6.2.M20110210-1200,"",1424499235250
activated,workbench,org.eclipse.ui.workbench,3.6.2.M20110210-1200,"",1424499242918
deactivated,workbench,org.eclipse.ui.workbench,3.6.2.M20110210-1200,"",1424499243663
activated,workbench,org.eclipse.ui.workbench,3.6.2.M20110210-1200,"",1424499255022
executed,command,org.eclipse.ui.ide,3.6.2.M20101201-0800,"org.eclipse.ui.project.buildAutomatically",1424499259470
deactivated,workbench,org.eclipse.ui.workbench,3.6.2.M20110210-1200,"",1424499265675
executed,command,org.eclipse.ui,3.6.2.M20110203-1100,"org.eclipse.ui.edit.copy",1424499267979
activated,workbench,org.eclipse.ui.workbench,3.6.2.M20110210-1200,"",1424499378266
closed,workbench,org.eclipse.ui.workbench,3.6.2.M20110210-1200,"",1424499379999
started,bundle,org.eclipse.compare,3.5.101.R36x_v20100929-0800,"org.eclipse.compare",1424499380306
stopped,bundle,org.eclipse.jst.j2ee.xdoclet.runtime,1.1.300.v201004280700,"org.eclipse.jst.j2ee.xdoclet.runtime",1424499380446
stopped,bundle,org.eclipse.jst.j2ee.ejb.annotations.xdoclet,1.2.100.v201003112036,"org.eclipse.jst.j2ee.ejb.annotations.xdoclet",1424499380447
stopped,bundle,org.eclipse.jst.server.generic.jboss,1.6.1.v200904151730,"org.eclipse.jst.server.generic.jboss",1424499380447
stopped,bundle,org.eclipse.jst.server.generic.jonas,1.5.205.v200805140145,"org.eclipse.jst.server.generic.jonas",1424499380447
stopped,bundle,org.eclipse.jst.server.generic.oc4j,1.5.206.v20090812,"org.eclipse.jst.server.generic.oc4j",1424499380448
stopped,bundle,org.eclipse.jst.server.websphere.core,1.0.302.v20080620,"org.eclipse.jst.server.websphere.core",1424499380448
stopped,bundle,org.eclipse.jst.server.generic.ui,1.0.505.v20100428,"org.eclipse.jst.server.generic.ui",1424499380448
stopped,bundle,org.eclipse.jst.server.generic.core,1.0.606.v20100512,"org.eclipse.jst.server.generic.core",1424499380449
stopped,bundle,org.eclipse.datatools.connectivity.oda.template.ui,3.2.1.v201004090942,"org.eclipse.datatools.connectivity.oda.template.ui",1424499380449
stopped,bundle,org.eclipse.pde.api.tools.ui,1.0.201.v20100820_r361,"org.eclipse.pde.api.tools.ui",1424499380450
stopped,bundle,org.eclipse.pde.ds.ui,1.0.100.v20100601,"org.eclipse.pde.ds.ui",1424499380450
stopped,bundle,org.eclipse.pde.runtime,3.4.200.v20100601,"org.eclipse.pde.runtime",1424499380452
stopped,bundle,org.eclipse.pde.ua.ui,1.0.100.v20100504,"org.eclipse.pde.ua.ui",1424499380453
stopped,bundle,org.eclipse.pde.ui.templates,3.4.200.v20100601,"org.eclipse.pde.ui.templates",1424499380454
stopped,bundle,org.eclipse.pde.ui,3.6.1.v20110210_r362,"org.eclipse.pde.ui",1424499380454
stopped,bundle,org.eclipse.mylyn.ide.ant,3.6.0.v20110608-1400,"org.eclipse.mylyn.ide.ant",1424499380454
stopped,bundle,org.eclipse.ant.ui,3.5.0.v20100427,"org.eclipse.ant.ui",1424499380455
stopped,bundle,org.eclipse.ant.launching,1.0.1.v20101020_r362,"org.eclipse.ant.launching",1424499380457
stopped,bundle,org.eclipse.equinox.p2.ui.sdk,1.0.100.v20100513,"org.eclipse.equinox.p2.ui.sdk",1424499380458
stopped,bundle,org.eclipse.mylyn.java.tasks,3.6.0.v20110608-1400,"org.eclipse.mylyn.java.tasks",1424499380458
